{"_timestamp":1.7770888006322348e+09,"step":200,"overseer_reward":0.9322222222222221,"detection_rate":0.8846153846153846,"false_positive_rate":0.35,"_wandb":{"runtime":3},"overseer_f1":0.5611111111111111,"_step":10,"avg_episode_reward_last20":1.1516666666666666,"_runtime":3,"exploration_rate":0.05}